{"cameraMode":{"drawMode":0,"name":"Shaded","section":"Shading Mode"},"sceneLighting":true,"audioPlay":false,"sceneViewState":{"m_AlwaysRefresh":false,"showFog":true,"showSkybox":true,"showFlares":true,"showImageEffects":true,"showParticleSystems":true,"showVisualEffectGraphs":true,"m_FxEnabled":true},"in2DMode":false,"pivot":{"x":11.186634063720704,"y":5.308276653289795,"z":0.2279261201620102},"rotation":{"x":0.14208894968032838,"y":-0.7387067675590515,"z":0.1647704392671585,"w":0.6380758881568909},"size":2.8425657749176027,"orthographic":false}